Algorithm,Time,Error,MemoryKB,MemoryMB
bfgs,4567,1.79769e+308,802816,784
lbfgsb,394,1.79769e+308,196608,192
dfp,4278,1.79769e+308,933888,912
lbfgsb,391,1.79769e+308,98304,96
bfgs,4603,1.79769e+308,671744,656
dfp,4294,1.79769e+308,851968,832
lbfgsb,394,1.79769e+308,180224,176
bfgs,4633,1.79769e+308,966656,944
dfp,4275,1.79769e+308,933888,912
lbfgs,790,1.79769e+308,393216,384
lbfgs,785,1.79769e+308,180224,176
lbfgs,776,1.79769e+308,360448,352
lbfgs,785,1.79769e+308,376832,368